Gene	Chromosome	Position	Reference	Alternate	Unique_Cases
KRAS	chr12	25245350	C	A	56
BRAF	chr7	140753336	A	T	51
KRAS	chr12	25245347	C	T	40
TP53	chr17	7675088	C	T	39
APC	chr5	112839942	C	T	38
PIK3CA	chr3	179218303	G	A	38
APC	chr5	112838220	C	T	27
APC	chr5	112780895	C	T	21
APC	chr5	112838934	C	T	20
PIK3CA	chr3	179234297	A	G	20
TP53	chr17	7673776	G	A	20
TP53	chr17	7673802	C	T	18
KRAS	chr12	25225628	C	T	17
KRAS	chr12	25245351	C	A	17
TP53	chr17	7674220	C	T	17
PIK3CA	chr3	179199088	G	A	15
APC	chr5	112840254	-	A	14
TP53	chr17	7674221	G	A	14
PIK3CA	chr3	179218294	G	A	13
TP53	chr17	7673803	G	A	13
